id,kind,review_status,topic_tags,audit_note,raw,source_files,count
R0001,external_linked,external_citation_reviewed_from_available_bibliographic_context,agency,External citation item; used as literature grounding for agency. Full local PDF was reviewed only if separately present in the PDF ledger.,"Lyons, B., Pio-Lopez, L., & Levin, M. (2026). Alignment is to a virtual governor: A theory of coordination in diverse intelligence. Preprints.org. doi:10.20944/preprints202607.0220.v1. Not peer-reviewed.",papers/architecture_laws_machine_agency/paper.md;papers/habituated_reengagement/suite_c_neural_probe_transfer.md;papers/habituated_reengagement/suite_c_reengagement_under_world_change.md;papers/virtual_governor_stress_signal/paper.md,4
R0002,internal_repo,internal_companion_source_enumerated,geometry,Internal companion item; used to connect the repository lineage (geometry).,papers/metric_stack_synthesis/paper.md,papers/architecture_laws_machine_agency/paper.md,1
R0003,internal_repo,internal_companion_source_enumerated,general,Internal companion item; used to connect the repository lineage (general).,papers/current_error_calibration/paper.md,papers/architecture_laws_machine_agency/paper.md,1
R0004,internal_repo,internal_companion_source_enumerated,general,Internal companion item; used to connect the repository lineage (general).,papers/vector_first_order_self/paper.md,papers/architecture_laws_machine_agency/paper.md,1
R0005,internal_repo,internal_companion_source_enumerated,representation;inquiry,"Internal companion item; used to connect the repository lineage (representation, inquiry).",papers/scale_normalized_vprobe/paper.md,papers/architecture_laws_machine_agency/paper.md,1
R0006,internal_repo,internal_companion_source_enumerated,general,Internal companion item; used to connect the repository lineage (general).,papers/world_responds/paper.md,papers/architecture_laws_machine_agency/paper.md,1
R0007,internal_repo,internal_companion_source_enumerated,general,Internal companion item; used to connect the repository lineage (general).,papers/habituated_reengagement/suite_c_reengagement_under_world_change.md,papers/architecture_laws_machine_agency/paper.md;papers/habituated_reengagement/suite_c_neural_probe_transfer.md,2
R0008,internal_repo,internal_companion_source_enumerated,general,Internal companion item; used to connect the repository lineage (general).,papers/planning_from_concern/paper.md,papers/architecture_laws_machine_agency/paper.md,1
R0009,internal_repo,internal_companion_source_enumerated,general,Internal companion item; used to connect the repository lineage (general).,papers/long_horizon_bottleneck/paper.md,papers/architecture_laws_machine_agency/paper.md;papers/virtual_governor_stress_signal/paper.md,2
R0010,internal_repo,internal_companion_source_enumerated,general,Internal companion item; used to connect the repository lineage (general).,papers/structure_compatible_generalization/structure_compatible_generalization.md,papers/architecture_laws_machine_agency/paper.md,1
R0011,internal_repo,internal_companion_source_enumerated,causal,Internal companion item; used to connect the repository lineage (causal).,papers/structure_compatible_generalization/inferred_transformations_intervention.md,papers/architecture_laws_machine_agency/paper.md;papers/virtual_governor_stress_signal/paper.md,2
R0012,internal_repo,internal_companion_source_enumerated,general,Internal companion item; used to connect the repository lineage (general).,papers/virtual_governor_stress_signal/paper.md,papers/architecture_laws_machine_agency/paper.md,1
R0013,internal_repo,internal_companion_source_enumerated,general,Internal companion item; used to connect the repository lineage (general).,experiments/long_horizon_bottleneck/results/zzzzzzzzzzzzzzzzzzzz_api_dispatch_robustness_openai_gpt41_nano_2026_07_06.md,papers/architecture_laws_machine_agency/paper.md,1
R0014,internal_repo,internal_companion_source_enumerated,general,Internal companion item; used to connect the repository lineage (general).,experiments/virtual_governor_stress_signal/results/virtual_governor_stress_signal_l4_2026_07_06.md,papers/architecture_laws_machine_agency/paper.md,1
R0015,external_linked,external_citation_reviewed_from_available_bibliographic_context,causal;agency;geometry;representation,"External citation item; used as literature grounding for causal, agency, geometry, representation. Full local PDF was reviewed only if separately present in the PDF ledger.","Brehmer, J., De Haan, P., Lippe, P., & Cohen, T. (2022). Weakly supervised causal representation learning. Advances in Neural Information Processing Systems, 35. Brown, J. (2026). The Metric Stack of Concern: From Viability Prediction to Maintained Self/World Boundaries in Minimal Agents. Cooper, P., & Velasquez, A. (2026). Active Causal Experimentalist (ACE): Learning intervention strategies via direct preference optimization. arXiv: 2602.02451. Das, A., Ghugarkar, O., Bhat, V., & Aali, A. (2026). Compositional neuro-symbolic reasoning. arXiv:2604.02434. Le Lidec, Q., Biza, O., Goudet, O., Balestriero, R., & Lajoie, G. (2026). Causal-JEPA: Learning World Models through Object-Level Latent Interventions. arXiv:2602.11389. Mansouri, A., Hartford, J., Zhang, Y., & Bengio, Y. (2024). Object centric architectures enable efficient causal representation learning. ICLR 2024. Nishimoto, Y., & Matsubara, T. (2026). Object-centric world models for causality-aware reinforcement learning. arXiv:2511.14262. Revencu, B., Pajot, M., & Dehaene, S. (2026). Representations of geometric shapes have syntactic structure. Journal of Experimental Psychology: General, 155(4), 1081-1102. https://doi.org/10.1037/xge0001890 Roy, A., & Parbhoo, S. (2026). Why LLMs fail at causal discovery and how interventional agents escape. arXiv:2605.27567. Scholkopf, B., Locatello, F., Bauer, S., Ke, N. R., Kalchbrenner, N., Goyal, A., & Bengio, Y. (2021). Toward causal representation learning. Proceedings of the IEEE, 109(5), 612-634. Yang, J., Zhang, D., Song, X., Dai, Q., Liu, X., Chen, Y., Vashishtha, A., Shi, J., Tan, C., & Peng, H. (2026). CausaLab: A scalable environment for interactive causal discovery toward AI scientists. arXiv:2605.26029. Zhang, J., Meng, F., & Deng, C. (2024). Representation Learning of Geometric Trees. arXiv:2408.08799.",papers/concerned_syntax/paper.md,1
R0016,external_bibliographic,external_citation_reviewed_from_available_bibliographic_context,biology_mind,External citation item; used as literature grounding for biology_mind. Full local PDF was reviewed only if separately present in the PDF ledger.,"Bennett, M. T. (2023). On the computation of meaning, language models, and incomprehensible horrors. Synthese 201, 75.",papers/costly_null_probes/paper.md;papers/current_error_calibration/paper.md;papers/online_identifying_interventions/paper.md;papers/vector_first_order_self/paper.md,4
R0017,external_bibliographic,external_citation_reviewed_from_available_bibliographic_context,representation,External citation item; used as literature grounding for representation. Full local PDF was reviewed only if separately present in the PDF ledger.,"Locatello, F., Bauer, S., Lucic, M., Rätsch, G., Gelly, S., Schölkopf, B., & Bachem, O. (2019). Challenging common assumptions in the unsupervised learning of disentangled representations. ICML.",papers/costly_null_probes/paper.md,1
R0018,external_bibliographic,external_citation_reviewed_from_available_bibliographic_context,general,External citation item; used as literature grounding for general. Full local PDF was reviewed only if separately present in the PDF ledger.,"Levin, M. (2022). Technological Approach to Mind Everywhere: An experimentally-grounded framework for understanding diverse bodies and minds. Frontiers in Systems Neuroscience.",papers/costly_null_probes/paper.md,1
R0019,external_bibliographic,external_citation_reviewed_from_available_bibliographic_context,biology_mind,External citation item; used as literature grounding for biology_mind. Full local PDF was reviewed only if separately present in the PDF ledger.,"Vervaeke, J. (2019). Awakening from the Meaning Crisis. Lecture series.",papers/costly_null_probes/paper.md;papers/current_error_calibration/paper.md;papers/online_identifying_interventions/paper.md;papers/vector_first_order_self/paper.md,4
R0020,internal_repo,internal_companion_source_enumerated,inquiry;biology_mind,"Internal companion item; used to connect the repository lineage (inquiry, biology_mind).",Paper 14b - Calibrated Ensemble Uncertainty in Allostatic Planning - papers/ensemble_uncertainty/paper.md,papers/costly_null_probes/paper.md,1
R0021,internal_repo,internal_companion_source_enumerated,general,Internal companion item; used to connect the repository lineage (general).,Paper 15 - Tapestry of Valence - papers/valence_tapestry/paper.md,papers/costly_null_probes/paper.md;papers/current_error_calibration/paper.md;papers/online_identifying_interventions/paper.md;papers/vector_first_order_self/paper.md,4
R0022,internal_repo,internal_companion_source_enumerated,general,Internal companion item; used to connect the repository lineage (general).,Paper 16 - First-Order Self / Reafference - papers/first_order_self/paper.md,papers/costly_null_probes/paper.md,1
R0023,internal_repo,internal_companion_source_enumerated,causal,Internal companion item; used to connect the repository lineage (causal).,Paper 16b - Identifiability Through Intervention - papers/null_intervention/paper.md,papers/costly_null_probes/paper.md;papers/current_error_calibration/paper.md;papers/online_identifying_interventions/paper.md;papers/vector_first_order_self/paper.md,4
R0024,external_bibliographic,external_citation_reviewed_from_available_bibliographic_context,general,External citation item; used as literature grounding for general. Full local PDF was reviewed only if separately present in the PDF ledger.,"Levin, M. (2022). Technological Approach to Mind Everywhere. Frontiers in Systems Neuroscience.",papers/current_error_calibration/paper.md;papers/online_identifying_interventions/paper.md;papers/vector_first_order_self/paper.md,3
R0025,external_bibliographic,external_citation_reviewed_from_available_bibliographic_context,representation,External citation item; used as literature grounding for representation. Full local PDF was reviewed only if separately present in the PDF ledger.,"Locatello, F., et al. (2019). Challenging common assumptions in the unsupervised learning of disentangled representations. ICML.",papers/current_error_calibration/paper.md;papers/online_identifying_interventions/paper.md;papers/vector_first_order_self/paper.md,3
R0026,internal_repo,internal_companion_source_enumerated,inquiry,Internal companion item; used to connect the repository lineage (inquiry).,Paper 14b - Ensemble Uncertainty - papers/ensemble_uncertainty/paper.md,papers/current_error_calibration/paper.md;papers/online_identifying_interventions/paper.md,2
R0027,internal_repo,internal_companion_source_enumerated,representation;inquiry,"Internal companion item; used to connect the repository lineage (representation, inquiry).",Paper 17A - Learning When Not to Act - papers/costly_null_probes/paper.md,papers/current_error_calibration/paper.md;papers/online_identifying_interventions/paper.md;papers/vector_first_order_self/paper.md,3
R0028,internal_repo,internal_companion_source_enumerated,causal,Internal companion item; used to connect the repository lineage (causal).,Paper 18 - Online Identifying Interventions - papers/online_identifying_interventions/paper.md,papers/current_error_calibration/paper.md;papers/vector_first_order_self/paper.md,2
R0029,reference_note,literature_cluster_note_reviewed_not_atomic_citation,causal;agency;inquiry;biology_mind,"Non-atomic literature cluster note; preserved because a paper cited this cluster rather than one clean bibliographic item (causal, agency, inquiry, biology_mind).","Carried over: P22, P23A literature stack (calibrated active learning, epistemic uncertainty, BALD, causal repr learning, sense of agency, homeostatic active inference, Di Paolo, empowerment). Added for P23B specifically:",papers/habituated_reengagement/paper.md,1
R0030,unclear_reference,raw_reference_fragment_preserved_for_followup,general,Ambiguous reference fragment from a paper reference section; preserved for exhaustive coverage and marked for manual bibliographic cleanup (general).,Habituation in cognitive neuroscience: dampened motor response while preserving sensory detection,papers/habituated_reengagement/paper.md,1
R0031,unclear_reference,raw_reference_fragment_preserved_for_followup,general,Ambiguous reference fragment from a paper reference section; preserved for exhaustive coverage and marked for manual bibliographic cleanup (general).,Refractory periods in spiking neurons: temporary action threshold elevation post-firing,papers/habituated_reengagement/paper.md,1
R0032,unclear_reference,raw_reference_fragment_preserved_for_followup,inquiry,Ambiguous reference fragment from a paper reference section; preserved for exhaustive coverage and marked for manual bibliographic cleanup (inquiry).,"Adaptive thresholds in change-point detection: CUSUM-with-reset, Page-Hinkley",papers/habituated_reengagement/paper.md,1
R0033,unclear_reference,raw_reference_fragment_preserved_for_followup,biology_mind,Ambiguous reference fragment from a paper reference section; preserved for exhaustive coverage and marked for manual bibliographic cleanup (biology_mind).,Active inference and precision tuning: Friston's framing of attention-modulation as precision allocation,papers/habituated_reengagement/paper.md,1
R0034,internal_repo,internal_companion_source_enumerated,general,Internal companion item; used to connect the repository lineage (general).,Paper 19 - papers/current_error_calibration/paper.md,papers/habituated_reengagement/paper.md;papers/probe_value_reengagement/paper.md;papers/scale_normalized_vprobe/paper.md;papers/world_responds/paper.md,4
R0035,internal_repo,internal_companion_source_enumerated,general,Internal companion item; used to connect the repository lineage (general).,Paper 20B - papers/vector_first_order_self/paper.md,papers/habituated_reengagement/paper.md;papers/probe_value_reengagement/paper.md;papers/scale_normalized_vprobe/paper.md;papers/world_responds/paper.md,4
R0036,internal_repo,internal_companion_source_enumerated,representation;inquiry,"Internal companion item; used to connect the repository lineage (representation, inquiry).",Paper 21A - papers/scale_normalized_vprobe/paper.md,papers/habituated_reengagement/paper.md;papers/probe_value_reengagement/paper.md;papers/world_responds/paper.md,3
R0037,internal_repo,internal_companion_source_enumerated,general,Internal companion item; used to connect the repository lineage (general).,Paper 22 - papers/world_responds/paper.md,papers/habituated_reengagement/paper.md;papers/probe_value_reengagement/paper.md,2
R0038,internal_repo,internal_companion_source_enumerated,representation;inquiry,"Internal companion item; used to connect the repository lineage (representation, inquiry).",Paper 23A - papers/probe_value_reengagement/paper.md,papers/habituated_reengagement/paper.md,1
R0039,unclear_reference,raw_reference_fragment_preserved_for_followup,general,Ambiguous reference fragment from a paper reference section; preserved for exhaustive coverage and marked for manual bibliographic cleanup (general).,Add for Paper 23B:,papers/habituated_reengagement/preregistration.md,1
R0040,unclear_reference,raw_reference_fragment_preserved_for_followup,general,Ambiguous reference fragment from a paper reference section; preserved for exhaustive coverage and marked for manual bibliographic cleanup (general).,Habituation in cognitive neuroscience: how biological systems dampen response to repeated stimuli without losing the underlying detection,papers/habituated_reengagement/preregistration.md,1
R0041,unclear_reference,raw_reference_fragment_preserved_for_followup,representation,Ambiguous reference fragment from a paper reference section; preserved for exhaustive coverage and marked for manual bibliographic cleanup (representation).,Refractory periods in neural firing: temporary suppression after activation,papers/habituated_reengagement/preregistration.md,1
R0042,unclear_reference,raw_reference_fragment_preserved_for_followup,inquiry,Ambiguous reference fragment from a paper reference section; preserved for exhaustive coverage and marked for manual bibliographic cleanup (inquiry).,Adaptive thresholds in change-point detection: CUSUM with reset,papers/habituated_reengagement/preregistration.md,1
R0043,reference_note,literature_cluster_note_reviewed_not_atomic_citation,causal;agency;representation;inquiry;biology_mind,"Non-atomic literature cluster note; preserved because a paper cited this cluster rather than one clean bibliographic item (causal, agency, representation, inquiry, biology_mind).","Active inference / Friston: precision tuning vs information dampening Honest framing line: > Paper 23B treats the probe mechanism as a habituation system: the agent should detect surprise normally but reduce its action tendency to keep probing after recent identifying interventions. Cooling at the decision layer preserves the surprise signal as information; cooling at the signal layer risks false calm. That distinguishes us from ""just decay the surprise"" approaches.",papers/habituated_reengagement/preregistration.md,1
R0044,internal_repo,internal_companion_source_enumerated,agency,Internal companion item; used to connect the repository lineage (agency).,experiments/world_responds/BENCHMARK_CARD.md,papers/habituated_reengagement/suite_c_neural_probe_transfer.md;papers/habituated_reengagement/suite_c_reengagement_under_world_change.md,2
R0045,internal_repo,internal_companion_source_enumerated,general,Internal companion item; used to connect the repository lineage (general).,papers/structure_compatible_generalization/learned_generators_transfer.md,papers/habituated_reengagement/suite_c_neural_probe_transfer.md,1
R0046,internal_repo,internal_companion_source_enumerated,representation;inquiry,"Internal companion item; used to connect the repository lineage (representation, inquiry).",papers/probe_value_reengagement/paper.md,papers/habituated_reengagement/suite_c_reengagement_under_world_change.md,1
R0047,internal_repo,internal_companion_source_enumerated,general,Internal companion item; used to connect the repository lineage (general).,papers/habituated_reengagement/paper.md,papers/habituated_reengagement/suite_c_reengagement_under_world_change.md,1
R0048,internal_repo,internal_companion_source_enumerated,causal;agency,"Internal companion item; used to connect the repository lineage (causal, agency).",docs/causally_grounded_agents_benchmark.md,papers/habituated_reengagement/suite_c_reengagement_under_world_change.md,1
R0049,unclear_reference,raw_reference_fragment_preserved_for_followup,causal;representation,"Ambiguous reference fragment from a paper reference section; preserved for exhaustive coverage and marked for manual bibliographic cleanup (causal, representation).","Brehmer et al., Weakly Supervised Causal Representation Learning: interventional pairs unlock identifiability under certain conditions",papers/interventional_contrast/paper.md,1
R0050,unclear_reference,raw_reference_fragment_preserved_for_followup,causal,Ambiguous reference fragment from a paper reference section; preserved for exhaustive coverage and marked for manual bibliographic cleanup (causal).,Pearl mediation analysis,papers/interventional_contrast/paper.md,1
R0051,unclear_reference,raw_reference_fragment_preserved_for_followup,general,Ambiguous reference fragment from a paper reference section; preserved for exhaustive coverage and marked for manual bibliographic cleanup (general).,Contrastive predictive coding (Oord et al.),papers/interventional_contrast/paper.md,1
R0052,unclear_reference,raw_reference_fragment_preserved_for_followup,general,Ambiguous reference fragment from a paper reference section; preserved for exhaustive coverage and marked for manual bibliographic cleanup (general).,Online k-means / vector quantization,papers/interventional_contrast/paper.md,1
R0053,reference_note,literature_cluster_note_reviewed_not_atomic_citation,general,Non-atomic literature cluster note; preserved because a paper cited this cluster rather than one clean bibliographic item (general).,Habituation literature (carried from P23B),papers/interventional_contrast/paper.md,1
R0054,unclear_reference,raw_reference_fragment_preserved_for_followup,causal,Ambiguous reference fragment from a paper reference section; preserved for exhaustive coverage and marked for manual bibliographic cleanup (causal).,Causal mediation analysis (Pearl): explicit identification of mediated vs direct effects through interventional comparisons.,papers/interventional_contrast/preregistration.md,1
R0055,unclear_reference,raw_reference_fragment_preserved_for_followup,representation,Ambiguous reference fragment from a paper reference section; preserved for exhaustive coverage and marked for manual bibliographic cleanup (representation).,Contrastive predictive coding (Oord et al.): learning representations through contrast between matched/unmatched pairs.,papers/interventional_contrast/preregistration.md,1
R0056,unclear_reference,raw_reference_fragment_preserved_for_followup,causal;representation,"Ambiguous reference fragment from a paper reference section; preserved for exhaustive coverage and marked for manual bibliographic cleanup (causal, representation).",Brehmer et al. weakly-supervised causal representation learning: interventional pairs unlock identifiability.,papers/interventional_contrast/preregistration.md,1
R0057,reference_note,literature_cluster_note_reviewed_not_atomic_citation,general,Non-atomic literature cluster note; preserved because a paper cited this cluster rather than one clean bibliographic item (general).,Habituation literature (carried from P23B): decision-layer cooling preserves detection while regulating action.,papers/interventional_contrast/preregistration.md,1
R0058,reference_note,literature_cluster_note_reviewed_not_atomic_citation,causal,Non-atomic literature cluster note; preserved because a paper cited this cluster rather than one clean bibliographic item (causal).,"Online clustering / vector quantization (for learned buckets): how to discover discrete abstractions over continuous state. Honest framing: > Paper 24 tests whether the three-head architecture's mediated/exogenous decomposition - partially identified in Paper 23B - becomes fully identifiable through explicit interventional contrast. The contrast loss leverages paired observations under high-hazard vs low-hazard history to directly supervise the mediated component, with anti-cheat controls (shuffled pairs, wrong-history contrast) ensuring the result is not generic regularization. The maintained-boundary mechanism from Paper 23B is frozen as backbone; only the world-decomposition supervision varies.",papers/interventional_contrast/preregistration.md,1
R0059,external_linked,external_citation_reviewed_from_available_bibliographic_context,causal;agency;representation;ood;inquiry;biology_mind,"External citation item; used as literature grounding for causal, agency, representation, ood, inquiry, biology_mind. Full local PDF was reviewed only if separately present in the PDF ledger.","Ashby, W. R. (1952). Design for a Brain. Chapman & Hall. Bennett, M. T. (2023). On the computation of meaning, language models, and incomprehensible horrors. Synthese, 201(75). Brehmer, J., De Haan, P., Lippe, P., & Cohen, T. (2022). Weakly supervised causal representation learning. Advances in Neural Information Processing Systems, 35. Burda, Y., Edwards, H., Storkey, A., & Klimov, O. (2019). Exploration by random network distillation. International Conference on Learning Representations. Canguilhem, G. (1966). Le Normal et le pathologique. Presses Universitaires de France. Dewey, J. (1938). Logic: The Theory of Inquiry. Henry Holt. Di Paolo, E. (2005). Autopoiesis, adaptivity, teleology, agency. Phenomenology and the Cognitive Sciences, 4(4), 429-452. Friston, K. (2010). The free-energy principle: a unified brain theory? Nature Reviews Neuroscience, 11(2), 127-138. Gal, Y., & Ghahramani, Z. (2016). Dropout as a Bayesian approximation: representing model uncertainty in deep learning. International Conference on Machine Learning. Gal, Y., Islam, R., & Ghahramani, Z. (2017). Deep Bayesian active learning with image data. International Conference on Machine Learning. Gibson, J. J. (1979). The Ecological Approach to Visual Perception. Houghton Mifflin. Goodhart, C. (1975). Problems of monetary management: the U.K. experience. Papers in Monetary Economics. Reserve Bank of Australia. Ha, D., & Schmidhuber, J. (2018). World models. Advances in Neural Information Processing Systems, 31. Heidegger, M. (1927). Sein und Zeit (Being and Time). Niemeyer. Houlsby, N., Huszár, F., Ghahramani, Z., & Lengyel, M. (2011). Bayesian active learning for classification and preference learning. arXiv:1112.5745. Jonas, H. (1966). The Phenomenon of Life: Toward a Philosophical Biology. Harper & Row. Kendall, A., & Gal, Y. (2017). What uncertainties do we need in Bayesian deep learning for computer vision? Advances in Neural Information Processing Systems, 30. Klyubin, A. S., Polani, D., & Nehaniv, C. L. (2005). Empowerment: a universal agent-centric measure of control. IEEE Congress on Evolutionary Computation. Lakshminarayanan, B., Pritzel, A., & Blundell, C. (2017). Simple and scalable predictive uncertainty estimation using deep ensembles. Advances in Neural Information Processing Systems, 30. Levin, M. (2022). Technological approach to mind everywhere. Frontiers in Systems Neuroscience, 16. Locatello, F., Bauer, S., Lucic, M., Rätsch, G., Gelly, S., Schölkopf, B., & Bachem, O. (2019). Challenging common assumptions in the unsupervised learning of disentangled representations. International Conference on Machine Learning. Lyons, B., Pio-Lopez, L., & Levin, M. (2026). Alignment is to a virtual governor: A theory of coordination in diverse intelligence. Preprints.org. doi:10.20944/preprints202607.0220.v1. Not peer-reviewed. Maturana, H. R., & Varela, F. J. (1980). Autopoiesis and Cognition: The Realization of the Living. D. Reidel. Mohamed, S., & Rezende, D. J. (2015). Variational information maximisation for intrinsically motivated reinforcement learning. Advances in Neural Information Processing Systems, 28. Osband, I., Wen, Z., Asghari, S. M., Dwaracherla, V., Ibrahimi, M., Lu, X., & Van Roy, B. (2023). Epistemic neural networks. Advances in Neural Information Processing Systems, 36. Parr, T., Pezzulo, G., & Friston, K. (2022). Active Inference: The Free Energy Principle in Mind, Brain, and Behavior. MIT Press. Pathak, D., Agrawal, P., Efros, A. A., & Darrell, T. (2017). Curiosity-driven exploration by self-supervised prediction. International Conference on Machine Learning. Schölkopf, B., Locatello, F., Bauer, S., Ke, N. R., Kalchbrenner, N., Goyal, A., & Bengio, Y. (2021). Toward causal representation learning. Proceedings of the IEEE, 109(5), 612-634. Settles, B. (2009). Active learning literature survey. Computer Sciences Technical Report 1648, University of Wisconsin-Madison. Shazeer, N., Mirhoseini, A., Maziarz, K., Davis, A., Le, Q. V., Hinton, G., & Dean, J. (2017). Outrageously large neural networks: the sparsely-gated mixture-of-experts layer. International Conference on Learning Representations. Simondon, G. (1958). L'Individu et sa genèse physico-biologique. Presses Universitaires de France. Thompson, E. (2007). Mind in Life: Biology, Phenomenology, and the Sciences of Mind. Harvard University Press. Uexküll, J. von (1934). A Foray into the Worlds of Animals and Humans (English translation, 2010). University of Minnesota Press. Vervaeke, J. (2019). Awakening from the Meaning Crisis (lecture series). University of Toronto.",papers/metric_stack_synthesis/paper.md,1
R0060,internal_repo,internal_companion_source_enumerated,general,Internal companion item; used to connect the repository lineage (general).,Paper 16 - First-Order Self - papers/first_order_self/paper.md,papers/online_identifying_interventions/paper.md,1
R0061,unclear_reference,raw_reference_fragment_preserved_for_followup,inquiry,Ambiguous reference fragment from a paper reference section; preserved for exhaustive coverage and marked for manual bibliographic cleanup (inquiry).,"Change-point detection: CUSUM, Page-Hinkley test for distribution shift detection",papers/probe_value_reengagement/paper.md,1
R0062,reference_note,literature_cluster_note_reviewed_not_atomic_citation,inquiry,Non-atomic literature cluster note; preserved because a paper cited this cluster rather than one clean bibliographic item (inquiry).,Continual active learning under distribution shift: literature on active learning when the labeled distribution shifts mid-stream,papers/probe_value_reengagement/paper.md,1
R0063,unclear_reference,raw_reference_fragment_preserved_for_followup,general,Ambiguous reference fragment from a paper reference section; preserved for exhaustive coverage and marked for manual bibliographic cleanup (general).,Habituation / sensory adaptation in cognitive neuroscience: how biological systems dampen response to repeated stimuli,papers/probe_value_reengagement/paper.md,1
R0064,unclear_reference,raw_reference_fragment_preserved_for_followup,biology_mind,Ambiguous reference fragment from a paper reference section; preserved for exhaustive coverage and marked for manual bibliographic cleanup (biology_mind).,Information value vs information cost in active inference: Friston's free-energy framing of when to attend vs disengage Plus the established stack:,papers/probe_value_reengagement/paper.md,1
R0065,unclear_reference,raw_reference_fragment_preserved_for_followup,biology_mind,Ambiguous reference fragment from a paper reference section; preserved for exhaustive coverage and marked for manual bibliographic cleanup (biology_mind).,"Bennett (Computation of meaning), Levin (TAME), Vervaeke (relevance realization)",papers/probe_value_reengagement/paper.md,1
R0066,unclear_reference,raw_reference_fragment_preserved_for_followup,representation,Ambiguous reference fragment from a paper reference section; preserved for exhaustive coverage and marked for manual bibliographic cleanup (representation).,Locatello et al. (disentangled representations),papers/probe_value_reengagement/paper.md;papers/world_responds/paper.md,2
R0067,reference_note,literature_cluster_note_reviewed_not_atomic_citation,inquiry,Non-atomic literature cluster note; preserved because a paper cited this cluster rather than one clean bibliographic item (inquiry).,Calibrated active learning literature,papers/probe_value_reengagement/paper.md,1
R0068,unclear_reference,raw_reference_fragment_preserved_for_followup,inquiry,Ambiguous reference fragment from a paper reference section; preserved for exhaustive coverage and marked for manual bibliographic cleanup (inquiry).,BALD / value of information,papers/probe_value_reengagement/paper.md,1
R0069,unclear_reference,raw_reference_fragment_preserved_for_followup,causal,Ambiguous reference fragment from a paper reference section; preserved for exhaustive coverage and marked for manual bibliographic cleanup (causal).,Brehmer et al. (weakly supervised causal repr learning),papers/probe_value_reengagement/paper.md,1
R0070,unclear_reference,raw_reference_fragment_preserved_for_followup,general,Ambiguous reference fragment from a paper reference section; preserved for exhaustive coverage and marked for manual bibliographic cleanup (general).,Empowerment (Klyubin et al.),papers/probe_value_reengagement/paper.md,1
R0071,unclear_reference,raw_reference_fragment_preserved_for_followup,biology_mind,Ambiguous reference fragment from a paper reference section; preserved for exhaustive coverage and marked for manual bibliographic cleanup (biology_mind).,Di Paolo (autopoiesis/adaptivity),papers/probe_value_reengagement/paper.md,1
R0072,internal_repo,internal_companion_source_enumerated,causal,Internal companion item; used to connect the repository lineage (causal).,Paper 18 - papers/online_identifying_interventions/paper.md,papers/probe_value_reengagement/paper.md;papers/scale_normalized_vprobe/paper.md;papers/world_responds/paper.md,3
R0073,unclear_reference,raw_reference_fragment_preserved_for_followup,general,Ambiguous reference fragment from a paper reference section; preserved for exhaustive coverage and marked for manual bibliographic cleanup (general).,Carry over P22's stack plus:,papers/probe_value_reengagement/preregistration.md,1
R0074,unclear_reference,raw_reference_fragment_preserved_for_followup,inquiry,Ambiguous reference fragment from a paper reference section; preserved for exhaustive coverage and marked for manual bibliographic cleanup (inquiry).,"Novelty detection / change-point detection: CUSUM, page-Hinkley, surprise-driven exploration",papers/probe_value_reengagement/preregistration.md,1
R0075,reference_note,literature_cluster_note_reviewed_not_atomic_citation,inquiry,Non-atomic literature cluster note; preserved because a paper cited this cluster rather than one clean bibliographic item (inquiry).,Active learning under distribution shift: continual active learning literature,papers/probe_value_reengagement/preregistration.md,1
R0076,reference_note,literature_cluster_note_reviewed_not_atomic_citation,agency,Non-atomic literature cluster note; preserved because a paper cited this cluster rather than one clean bibliographic item (agency).,Sense of agency under environmental drift: literature on agency maintenance through changing sensorimotor contingencies,papers/probe_value_reengagement/preregistration.md,1
R0077,reference_note,literature_cluster_note_reviewed_not_atomic_citation,causal;representation;inquiry,"Non-atomic literature cluster note; preserved because a paper cited this cluster rather than one clean bibliographic item (causal, representation, inquiry).",Value of information in active inference: explicit treatment of intervention value vs information value Honest framing line: > Paper 23A redefines the program's probe-value signal as marginal MAE reducibility - the expected benefit of one more identifying intervention - and introduces a re-engagement mechanism that detects boundary staleness via non-null prediction surprise. Both upgrades address concrete bottlenecks Paper 22 named: oracle confounding (current error != value) and self-silencing (probe stops -> no data -> probe stays stopped).,papers/probe_value_reengagement/preregistration.md,1
R0078,unclear_reference,raw_reference_fragment_preserved_for_followup,general,Ambiguous reference fragment from a paper reference section; preserved for exhaustive coverage and marked for manual bibliographic cleanup (general).,Carried from P22-24's six-cluster citation stack. Add for P25:,papers/role_specific_identifiability/paper.md,1
R0079,unclear_reference,raw_reference_fragment_preserved_for_followup,general,Ambiguous reference fragment from a paper reference section; preserved for exhaustive coverage and marked for manual bibliographic cleanup (general).,Mixture of experts (Shazeer et al.) - disjoint per-role heads via gated routing,papers/role_specific_identifiability/paper.md,1
R0080,unclear_reference,raw_reference_fragment_preserved_for_followup,causal,Ambiguous reference fragment from a paper reference section; preserved for exhaustive coverage and marked for manual bibliographic cleanup (causal).,"Causal abstraction identifiability under partial intervention (Beckers, Halpern)",papers/role_specific_identifiability/paper.md,1
R0081,unclear_reference,raw_reference_fragment_preserved_for_followup,representation;biology_mind,"Ambiguous reference fragment from a paper reference section; preserved for exhaustive coverage and marked for manual bibliographic cleanup (representation, biology_mind).","Vervaeke relevance realization (lecture series) - relevance under representational bounds Plus the philosophical correlates the program operationalizes: Heidegger, Gibson, Uexküll, enactivism (Maturana/Varela/Thompson/Di Paolo), cybernetics (Ashby), active inference (Friston), pragmatism (Dewey), Canguilhem, Jonas, Simondon.",papers/role_specific_identifiability/paper.md,1
R0082,reference_note,literature_cluster_note_reviewed_not_atomic_citation,inquiry,Non-atomic literature cluster note; preserved because a paper cited this cluster rather than one clean bibliographic item (inquiry).,"Per the program's framing literature stack (cited tight, 12-16 per paper). Calibrated active learning (closest external framing):",papers/scale_normalized_vprobe/paper.md,1
R0083,unclear_reference,raw_reference_fragment_preserved_for_followup,inquiry,Ambiguous reference fragment from a paper reference section; preserved for exhaustive coverage and marked for manual bibliographic cleanup (inquiry).,Calibrated Uncertainty Sampling for Active Learning,papers/scale_normalized_vprobe/paper.md;papers/world_responds/paper.md,2
R0084,unclear_reference,raw_reference_fragment_preserved_for_followup,ood;inquiry,"Ambiguous reference fragment from a paper reference section; preserved for exhaustive coverage and marked for manual bibliographic cleanup (ood, inquiry).","When Active Learning Fails, Uncalibrated Out-of-Distribution Uncertainty Epistemic uncertainty calibration:",papers/scale_normalized_vprobe/paper.md,1
R0085,unclear_reference,raw_reference_fragment_preserved_for_followup,inquiry,Ambiguous reference fragment from a paper reference section; preserved for exhaustive coverage and marked for manual bibliographic cleanup (inquiry).,Epistemic Neural Networks,papers/scale_normalized_vprobe/paper.md;papers/world_responds/paper.md,2
R0086,unclear_reference,raw_reference_fragment_preserved_for_followup,inquiry,Ambiguous reference fragment from a paper reference section; preserved for exhaustive coverage and marked for manual bibliographic cleanup (inquiry).,Quantifying Epistemic Uncertainty in Deep Learning BALD / information gain / active inference epistemic value:,papers/scale_normalized_vprobe/paper.md,1
R0087,unclear_reference,raw_reference_fragment_preserved_for_followup,geometry;inquiry,"Ambiguous reference fragment from a paper reference section; preserved for exhaustive coverage and marked for manual bibliographic cleanup (geometry, inquiry).",Bayesian Active Learning by Disagreements: A Geometric Perspective,papers/scale_normalized_vprobe/paper.md,1
R0088,unclear_reference,raw_reference_fragment_preserved_for_followup,causal;representation;inquiry,"Ambiguous reference fragment from a paper reference section; preserved for exhaustive coverage and marked for manual bibliographic cleanup (causal, representation, inquiry).",Active Inference and Epistemic Value in Graphical Models Causal representation identifiability from interventions:,papers/scale_normalized_vprobe/paper.md,1
R0089,unclear_reference,raw_reference_fragment_preserved_for_followup,causal;representation,"Ambiguous reference fragment from a paper reference section; preserved for exhaustive coverage and marked for manual bibliographic cleanup (causal, representation).","Brehmer et al., Weakly Supervised Causal Representation Learning",papers/scale_normalized_vprobe/paper.md;papers/world_responds/paper.md,2
R0090,unclear_reference,raw_reference_fragment_preserved_for_followup,general,Ambiguous reference fragment from a paper reference section; preserved for exhaustive coverage and marked for manual bibliographic cleanup (general).,General Identifiability and Achievability for CRL,papers/scale_normalized_vprobe/paper.md,1
R0091,unclear_reference,raw_reference_fragment_preserved_for_followup,causal;agency,"Ambiguous reference fragment from a paper reference section; preserved for exhaustive coverage and marked for manual bibliographic cleanup (causal, agency).",On the Identifiability of Causal Abstractions Sense of agency / self-other attribution:,papers/scale_normalized_vprobe/paper.md,1
R0092,reference_note,literature_cluster_note_reviewed_not_atomic_citation,general,Non-atomic literature cluster note; preserved because a paper cited this cluster rather than one clean bibliographic item (general).,Comparator model literature,papers/scale_normalized_vprobe/paper.md,1
R0093,unclear_reference,raw_reference_fragment_preserved_for_followup,biology_mind,Ambiguous reference fragment from a paper reference section; preserved for exhaustive coverage and marked for manual bibliographic cleanup (biology_mind).,Predictive Processing Model of Perception and Action for Self-Other Distinction Homeostatic active inference + enactive adaptivity:,papers/scale_normalized_vprobe/paper.md,1
R0094,unclear_reference,raw_reference_fragment_preserved_for_followup,biology_mind,Ambiguous reference fragment from a paper reference section; preserved for exhaustive coverage and marked for manual bibliographic cleanup (biology_mind).,"Simulating homeostatic, allostatic and goal-directed forms of interoceptive control using Active Inference",papers/scale_normalized_vprobe/paper.md,1
R0095,unclear_reference,raw_reference_fragment_preserved_for_followup,agency;biology_mind,"Ambiguous reference fragment from a paper reference section; preserved for exhaustive coverage and marked for manual bibliographic cleanup (agency, biology_mind).","Di Paolo, Autopoiesis, adaptivity, teleology, agency",papers/scale_normalized_vprobe/paper.md;papers/world_responds/paper.md,2
R0096,unclear_reference,raw_reference_fragment_preserved_for_followup,agency,Ambiguous reference fragment from a paper reference section; preserved for exhaustive coverage and marked for manual bibliographic cleanup (agency).,Empowerment: Universal Agent-Centric Measure of Control Foundations:,papers/scale_normalized_vprobe/paper.md,1
R0097,external_bibliographic,external_citation_reviewed_from_available_bibliographic_context,biology_mind,External citation item; used as literature grounding for biology_mind. Full local PDF was reviewed only if separately present in the PDF ledger.,"Bennett (2023). On the computation of meaning, language models, and incomprehensible horrors.",papers/scale_normalized_vprobe/paper.md,1
R0098,external_bibliographic,external_citation_reviewed_from_available_bibliographic_context,general,External citation item; used as literature grounding for general. Full local PDF was reviewed only if separately present in the PDF ledger.,Levin (2022). Technological Approach to Mind Everywhere.,papers/scale_normalized_vprobe/paper.md,1
R0099,external_bibliographic,external_citation_reviewed_from_available_bibliographic_context,biology_mind,External citation item; used as literature grounding for biology_mind. Full local PDF was reviewed only if separately present in the PDF ledger.,Vervaeke (2019). Awakening from the Meaning Crisis.,papers/scale_normalized_vprobe/paper.md,1
R0100,external_bibliographic,external_citation_reviewed_from_available_bibliographic_context,representation,External citation item; used as literature grounding for representation. Full local PDF was reviewed only if separately present in the PDF ledger.,Locatello et al. (2019). Challenging common assumptions in the unsupervised learning of disentangled representations.,papers/scale_normalized_vprobe/paper.md,1
R0101,internal_repo,internal_companion_source_enumerated,causal,Internal companion item; used to connect the repository lineage (causal).,Paper 16b - papers/null_intervention/paper.md,papers/scale_normalized_vprobe/paper.md;papers/world_responds/paper.md,2
R0102,internal_repo,internal_companion_source_enumerated,representation;inquiry,"Internal companion item; used to connect the repository lineage (representation, inquiry).",Paper 17A - papers/costly_null_probes/paper.md,papers/scale_normalized_vprobe/paper.md;papers/world_responds/paper.md,2
R0103,unclear_reference,raw_reference_fragment_preserved_for_followup,general,Ambiguous reference fragment from a paper reference section; preserved for exhaustive coverage and marked for manual bibliographic cleanup (general).,"Cite tight, ~12-16 papers across:",papers/scale_normalized_vprobe/preregistration.md,1
R0104,unclear_reference,raw_reference_fragment_preserved_for_followup,ood;inquiry,"Ambiguous reference fragment from a paper reference section; preserved for exhaustive coverage and marked for manual bibliographic cleanup (ood, inquiry).","Calibrated active learning failures (closest external framing): Calibrated Uncertainty Sampling for Active Learning; When Active Learning Fails, Uncalibrated OOD Uncertainty.",papers/scale_normalized_vprobe/preregistration.md,1
R0105,unclear_reference,raw_reference_fragment_preserved_for_followup,inquiry,Ambiguous reference fragment from a paper reference section; preserved for exhaustive coverage and marked for manual bibliographic cleanup (inquiry).,Epistemic uncertainty calibration: Epistemic Neural Networks; Quantifying Epistemic Uncertainty in Deep Learning.,papers/scale_normalized_vprobe/preregistration.md,1
R0106,unclear_reference,raw_reference_fragment_preserved_for_followup,inquiry,Ambiguous reference fragment from a paper reference section; preserved for exhaustive coverage and marked for manual bibliographic cleanup (inquiry).,BALD / information gain / active inference: Bayesian Active Learning by Disagreements; Active Inference and Epistemic Value in Graphical Models.,papers/scale_normalized_vprobe/preregistration.md,1
R0107,unclear_reference,raw_reference_fragment_preserved_for_followup,causal;representation,"Ambiguous reference fragment from a paper reference section; preserved for exhaustive coverage and marked for manual bibliographic cleanup (causal, representation).",Causal representation identifiability: Brehmer et al. Weakly Supervised Causal Representation Learning; General Identifiability and Achievability for CRL; Identifiability of Causal Abstractions.,papers/scale_normalized_vprobe/preregistration.md,1
R0108,reference_note,literature_cluster_note_reviewed_not_atomic_citation,agency,Non-atomic literature cluster note; preserved because a paper cited this cluster rather than one clean bibliographic item (agency).,Sense of agency: Comparator model literature; Predictive Processing Model for Self-Other Distinction.,papers/scale_normalized_vprobe/preregistration.md,1
R0109,unclear_reference,raw_reference_fragment_preserved_for_followup,causal;agency;representation;inquiry;biology_mind,"Ambiguous reference fragment from a paper reference section; preserved for exhaustive coverage and marked for manual bibliographic cleanup (causal, agency, representation, inquiry, biology_mind).","Homeostatic active inference + Di Paolo + empowerment: Simulating homeostatic/allostatic active inference; Di Paolo on autopoiesis-adaptivity; Empowerment. Framing line (verbatim-usable): > We treat null actions as identifying interventions: costly epistemic actions whose value lies not in immediate reward but in reducing uncertainty about which future viability changes are self-caused versus world-caused. Prior work in active learning predicts uncertainty-driven acquisition works when uncertainty is calibrated, and fails when it is not. We show this failure mode inside a minimal self/world attribution problem and test a scale-normalized current-error correction. Claim discipline if 21A succeeds: > In a minimal two-variable homeostatic bandit, autonomous identifying interventions become vector-sensitive when probe uncertainty is calibrated in dimension-normalized units; without scale normalization, the agent's decision about when to identify is biased toward the larger-magnitude dimension. NOT: ""we solved uncertainty"" / ""consciousness"" / ""agency solved.""",papers/scale_normalized_vprobe/preregistration.md,1
R0110,internal_repo,internal_companion_source_enumerated,general,Internal companion item; used to connect the repository lineage (general).,Paper 19 - Current-Error Calibration - papers/current_error_calibration/paper.md,papers/vector_first_order_self/paper.md,1
R0111,external_linked,external_citation_reviewed_from_available_bibliographic_context,causal;agency;geometry;representation,"External citation item; used as literature grounding for causal, agency, geometry, representation. Full local PDF was reviewed only if separately present in the PDF ledger.","Aubin, J.-P. (1991). Viability Theory. Birkhauser. Brown, J. (2026). The Metric Stack of Concern: From Viability Prediction to Maintained Self/World Boundaries in Minimal Agents. Das, A., Ghugarkar, O., Bhat, V., & Aali, A. (2026). Compositional Neuro-Symbolic Reasoning. arXiv:2604.02434. Cooper, P., & Velasquez, A. (2026). Active Causal Experimentalist (ACE): Learning intervention strategies via direct preference optimization. arXiv: 2602.02451. Elsken, T., Metzen, J. H., & Hutter, F. (2019). Neural architecture search: A survey. Journal of Machine Learning Research, 20(55), 1-21. Lehman, J., & Stanley, K. O. (2011). Abandoning objectives: Evolution through the search for novelty alone. Evolutionary Computation, 19(2), 189-223. Kim, K. W. (2026). Latent State Design for World Models under Sufficiency Constraints. arXiv:2605.01694. Le Lidec, Q., Biza, O., Goudet, O., Balestriero, R., & Lajoie, G. (2026). Causal-JEPA: Learning World Models through Object-Level Latent Interventions. arXiv:2602.11389. Sharma, A., Nguyen, L., Gupta, A., Wang, C., Adebayo, C., & Kowalski, J. (2025). Inducing Causal World Models in LLMs for Zero-Shot Physical Reasoning. arXiv:2507.19855. Mouret, J.-B., & Clune, J. (2015). Illuminating search spaces by mapping elites. arXiv:1504.04909. Revencu, B., Pajot, M., & Dehaene, S. (2026). Representations of geometric shapes have syntactic structure. Journal of Experimental Psychology: General, 155(4), 1081-1102. https://doi.org/10.1037/xge0001890 Wu, Y.-F., Lee, M., & Ahn, S. (2024). Neural Language of Thought Models. arXiv:2402.01203. Yang, J., Zhang, D., Song, X., Dai, Q., Liu, X., Chen, Y., Vashishtha, A., Shi, J., Tan, C., & Peng, H. (2026). CausaLab: A scalable environment for interactive causal discovery toward AI scientists. arXiv:2605.26029. Zhang, S. et al. (2026). Structuring Open-Ended NAS: Semi-Automated Design Knowledge Structuring with LLMs for Efficient Neural Architecture Search. arXiv:2605.19247.",papers/viable_computational_bodies/paper.md,1
R0112,internal_repo,internal_companion_source_enumerated,agency,Internal companion item; used to connect the repository lineage (agency).,papers/architecture_laws_machine_agency/paper.md,papers/virtual_governor_stress_signal/paper.md,1
R0113,internal_repo,internal_companion_source_enumerated,causal;agency,"Internal companion item; used to connect the repository lineage (causal, agency).",papers/causally_grounded_agents_benchmark/paper.md,papers/virtual_governor_stress_signal/paper.md,1
R0114,external_linked,external_citation_reviewed_from_available_bibliographic_context,biology_mind,External citation item; used as literature grounding for biology_mind. Full local PDF was reviewed only if separately present in the PDF ledger.,"Bennett, M. T. How to Create Conscious Machines. arXiv:2403.00644 (2024).",papers/weakness_invariance_neurips/paper.md,1
R0115,external_linked,external_citation_reviewed_from_available_bibliographic_context,complexity,External citation item; used as literature grounding for complexity. Full local PDF was reviewed only if separately present in the PDF ledger.,"Bennett, M. T. Are Flat Minima an Illusion? arXiv:2605.05209 (2026).",papers/weakness_invariance_neurips/paper.md,1
R0116,external_linked,external_citation_reviewed_from_available_bibliographic_context,geometry;symmetry,"External citation item; used as literature grounding for geometry, symmetry. Full local PDF was reviewed only if separately present in the PDF ledger.","Bronstein, M. M., Bruna, J., Cohen, T., and Velickovic, P. Geometric Deep Learning: Grids, Groups, Graphs, Geodesics, and Gauges. arXiv:2104.13478 (2021).",papers/weakness_invariance_neurips/paper.md,1
R0117,external_bibliographic,external_citation_reviewed_from_available_bibliographic_context,symmetry,External citation item; used as literature grounding for symmetry. Full local PDF was reviewed only if separately present in the PDF ledger.,"Cohen, T. and Welling, M. Group Equivariant Convolutional Networks. ICML (2016).",papers/weakness_invariance_neurips/paper.md,1
R0118,external_bibliographic,external_citation_reviewed_from_available_bibliographic_context,ood,External citation item; used as literature grounding for ood. Full local PDF was reviewed only if separately present in the PDF ledger.,"D'Amour, A. et al. Underspecification Presents Challenges for Credibility in Modern Machine Learning. JMLR 23(226):1-61 (2022).",papers/weakness_invariance_neurips/paper.md,1
R0119,external_bibliographic,external_citation_reviewed_from_available_bibliographic_context,complexity,External citation item; used as literature grounding for complexity. Full local PDF was reviewed only if separately present in the PDF ledger.,"Dinh, L., Pascanu, R., Bengio, S., and Bengio, Y. Sharp Minima Can Generalize for Deep Nets. ICML (2017).",papers/weakness_invariance_neurips/paper.md,1
R0120,external_bibliographic,external_citation_reviewed_from_available_bibliographic_context,ood,External citation item; used as literature grounding for ood. Full local PDF was reviewed only if separately present in the PDF ledger.,"Geirhos, R., Jacobsen, J.-H., Michaelis, C., Zemel, R., Brendel, W., Bethge, M., and Wichmann, F. A. Shortcut Learning in Deep Neural Networks. Nature Machine Intelligence 2:665-673 (2020).",papers/weakness_invariance_neurips/paper.md,1
R0121,external_bibliographic,external_citation_reviewed_from_available_bibliographic_context,complexity,External citation item; used as literature grounding for complexity. Full local PDF was reviewed only if separately present in the PDF ledger.,"Hochreiter, S. and Schmidhuber, J. Flat Minima. Neural Computation 9(1):1-42 (1997).",papers/weakness_invariance_neurips/paper.md,1
R0122,external_bibliographic,external_citation_reviewed_from_available_bibliographic_context,general,External citation item; used as literature grounding for general. Full local PDF was reviewed only if separately present in the PDF ledger.,"Hutter, M. Universal Artificial Intelligence: Sequential Decisions Based on Algorithmic Probability. Springer (2005).",papers/weakness_invariance_neurips/paper.md,1
R0123,external_bibliographic,external_citation_reviewed_from_available_bibliographic_context,complexity,External citation item; used as literature grounding for complexity. Full local PDF was reviewed only if separately present in the PDF ledger.,"Keskar, N. S., Mudigere, D., Nocedal, J., Smelyanskiy, M., and Tang, P. T. P. On Large-Batch Training for Deep Learning: Generalization Gap and Sharp Minima. ICLR (2017).",papers/weakness_invariance_neurips/paper.md,1
R0124,external_bibliographic,external_citation_reviewed_from_available_bibliographic_context,symmetry,External citation item; used as literature grounding for symmetry. Full local PDF was reviewed only if separately present in the PDF ledger.,"Kondor, R. and Trivedi, S. On the Generalization of Equivariance and Convolution in Neural Networks to the Action of Compact Groups. ICML (2018).",papers/weakness_invariance_neurips/paper.md,1
R0125,external_bibliographic,external_citation_reviewed_from_available_bibliographic_context,complexity,External citation item; used as literature grounding for complexity. Full local PDF was reviewed only if separately present in the PDF ledger.,"Liu, Z., Michaud, E. J., and Tegmark, M. Omnigrok: Grokking Beyond Algorithmic Data. ICLR (2023).",papers/weakness_invariance_neurips/paper.md,1
R0126,external_bibliographic,external_citation_reviewed_from_available_bibliographic_context,representation,External citation item; used as literature grounding for representation. Full local PDF was reviewed only if separately present in the PDF ledger.,"Mu, J. and Viswanath, P. All-but-the-Top: Simple and Effective Postprocessing for Word Representations. ICLR (2018).",papers/weakness_invariance_neurips/paper.md,1
R0127,external_linked,external_citation_reviewed_from_available_bibliographic_context,general,External citation item; used as literature grounding for general. Full local PDF was reviewed only if separately present in the PDF ledger.,"Perin, A. and Deny, S. On the Ability of Deep Networks to Learn Symmetries from Data: A Neural Kernel Theory. arXiv:2412.11521 (2024).",papers/weakness_invariance_neurips/paper.md,1
R0128,external_bibliographic,external_citation_reviewed_from_available_bibliographic_context,complexity,External citation item; used as literature grounding for complexity. Full local PDF was reviewed only if separately present in the PDF ledger.,"Power, A., Burda, Y., Edwards, H., Babuschkin, I., and Misra, V. Grokking: Generalization Beyond Overfitting on Small Algorithmic Datasets. ICLR Workshop (2022).",papers/weakness_invariance_neurips/paper.md,1
R0129,external_bibliographic,external_citation_reviewed_from_available_bibliographic_context,complexity,External citation item; used as literature grounding for complexity. Full local PDF was reviewed only if separately present in the PDF ledger.,"Solomonoff, R. J. A Formal Theory of Inductive Inference, Parts I and II. Information and Control 7(1):1-22, 7(2):224-254 (1964).",papers/weakness_invariance_neurips/paper.md,1
R0130,external_bibliographic,external_citation_reviewed_from_available_bibliographic_context,general,External citation item; used as literature grounding for general. Full local PDF was reviewed only if separately present in the PDF ledger.,"Valle-Perez, G., Camargo, C. Q., and Louis, A. A. Deep Learning Generalizes Because the Parameter-Function Map is Biased Towards Simple Functions. ICLR (2019).",papers/weakness_invariance_neurips/paper.md,1
R0131,external_bibliographic,external_citation_reviewed_from_available_bibliographic_context,symmetry,External citation item; used as literature grounding for symmetry. Full local PDF was reviewed only if separately present in the PDF ledger.,"van der Ouderaa, T. F. A., Immer, A., and van der Wilk, M. Learning Layer-wise Equivariances Automatically using Gradients. NeurIPS (2023).",papers/weakness_invariance_neurips/paper.md,1
R0132,external_linked,external_citation_reviewed_from_available_bibliographic_context,symmetry,External citation item; used as literature grounding for symmetry. Full local PDF was reviewed only if separately present in the PDF ledger.,"Arjovsky, M., Bottou, L., Gulrajani, I., and Lopez-Paz, D. Invariant Risk Minimization. arXiv:1907.02893 (2019).",papers/weakness_invariance_neurips/paper.md,1
R0133,external_linked,external_citation_reviewed_from_available_bibliographic_context,ood,External citation item; used as literature grounding for ood. Full local PDF was reviewed only if separately present in the PDF ledger.,"Zhou, K., Liu, Z., Qiao, Y., Xiang, T., and Loy, C. C. Domain Generalization: A Survey. arXiv:2103.02503 (2021).",papers/weakness_invariance_neurips/paper.md,1
R0134,external_bibliographic,external_citation_reviewed_from_available_bibliographic_context,general,External citation item; used as literature grounding for general. Full local PDF was reviewed only if separately present in the PDF ledger.,"Rissanen, J. Modeling by Shortest Data Description. Automatica 14(5):465-471 (1978).",papers/weakness_invariance_neurips/paper.md,1
R0135,external_bibliographic,external_citation_reviewed_from_available_bibliographic_context,general,External citation item; used as literature grounding for general. Full local PDF was reviewed only if separately present in the PDF ledger.,"Grunwald, P. D. The Minimum Description Length Principle. MIT Press (2007).",papers/weakness_invariance_neurips/paper.md,1
R0136,external_linked,external_citation_reviewed_from_available_bibliographic_context,general,External citation item; used as literature grounding for general. Full local PDF was reviewed only if separately present in the PDF ledger.,"Mingard, C., Skalse, J., Valle-Perez, G., Martinez-Rubio, D., Mikulik, V., and Louis, A. A. Neural Networks are a Priori Biased Towards Boolean Functions with Low Entropy. arXiv:1909.11522 (2019).",papers/weakness_invariance_neurips/paper.md,1
R0137,reference_note,literature_cluster_note_reviewed_not_atomic_citation,causal;agency;representation,"Non-atomic literature cluster note; preserved because a paper cited this cluster rather than one clean bibliographic item (causal, agency, representation).",Same six-cluster citation stack as P21A: Action-conditioned predictive models (new for P22): Ha & Schmidhuber world models; Dreamer family - explicit treatment of action-conditioned hidden state evolution. Causal mediator identification (new for P22): Pearl mediation analysis; relevance to direct vs mediated vs exogenous decomposition. Sense of agency under delayed/mediated consequences (new for P22): cognitive neuroscience on agency attribution when sensory feedback is delayed or mediated. Plus the established stack:,papers/world_responds/paper.md,1
R0138,unclear_reference,raw_reference_fragment_preserved_for_followup,biology_mind,Ambiguous reference fragment from a paper reference section; preserved for exhaustive coverage and marked for manual bibliographic cleanup (biology_mind).,"Bennett, On the computation of meaning",papers/world_responds/paper.md,1
R0139,unclear_reference,raw_reference_fragment_preserved_for_followup,general,Ambiguous reference fragment from a paper reference section; preserved for exhaustive coverage and marked for manual bibliographic cleanup (general).,"Levin, Technological Approach to Mind Everywhere",papers/world_responds/paper.md,1
R0140,unclear_reference,raw_reference_fragment_preserved_for_followup,biology_mind,Ambiguous reference fragment from a paper reference section; preserved for exhaustive coverage and marked for manual bibliographic cleanup (biology_mind).,"Vervaeke, Awakening from the Meaning Crisis",papers/world_responds/paper.md,1
R0141,unclear_reference,raw_reference_fragment_preserved_for_followup,inquiry,Ambiguous reference fragment from a paper reference section; preserved for exhaustive coverage and marked for manual bibliographic cleanup (inquiry).,Active Inference and Epistemic Value in Graphical Models,papers/world_responds/paper.md,1
R0142,unclear_reference,raw_reference_fragment_preserved_for_followup,agency,Ambiguous reference fragment from a paper reference section; preserved for exhaustive coverage and marked for manual bibliographic cleanup (agency).,Empowerment (Universal Agent-Centric Measure of Control),papers/world_responds/paper.md,1
R0143,internal_repo,internal_companion_source_enumerated,inquiry,Internal companion item; used to connect the repository lineage (inquiry).,Paper 14b - papers/ensemble_uncertainty/paper.md,papers/world_responds/paper.md,1
R0144,internal_repo,internal_companion_source_enumerated,general,Internal companion item; used to connect the repository lineage (general).,Paper 15 - papers/valence_tapestry/paper.md,papers/world_responds/paper.md,1
R0145,unclear_reference,raw_reference_fragment_preserved_for_followup,representation,Ambiguous reference fragment from a paper reference section; preserved for exhaustive coverage and marked for manual bibliographic cleanup (representation).,"Yao, Shunyu and Zhao, Jeffrey and Yu, Dian and Du, Nan and Shafran, Izhak and Narasimhan, Karthik and Cao, Yuan (). ReAct: Synergizing Reasoning and Acting in Language Models. International Conference on Learning Representations",papers/icml_publication_package_2026/proxy_resistant_agent_benchmarks/references.bib;papers/icml_publication_package_2026/structure_compatible_model_selection/references.bib,2
R0146,unclear_reference,raw_reference_fragment_preserved_for_followup,agency,Ambiguous reference fragment from a paper reference section; preserved for exhaustive coverage and marked for manual bibliographic cleanup (agency).,"Shinn, Noah and Cassano, Federico and Berman, Edward and Gopinath, Ashwin and Narasimhan, Karthik and Yao, Shunyu (). Reflexion: Language Agents with Verbal Reinforcement Learning. Advances in Neural Information Processing Systems",papers/icml_publication_package_2026/proxy_resistant_agent_benchmarks/references.bib;papers/icml_publication_package_2026/structure_compatible_model_selection/references.bib,2
R0147,unclear_reference,raw_reference_fragment_preserved_for_followup,agency,Ambiguous reference fragment from a paper reference section; preserved for exhaustive coverage and marked for manual bibliographic cleanup (agency).,"Wang, Guanzhi and Xie, Yuqi and Jiang, Yunfan and Mandlekar, Ajay and Xiao, Chaowei and Zhu, Yuke and Fan, Linxi and Anandkumar, Anima (). Voyager: An Open-Ended Embodied Agent with Large Language Models. Transactions on Machine Learning Research",papers/icml_publication_package_2026/proxy_resistant_agent_benchmarks/references.bib;papers/icml_publication_package_2026/structure_compatible_model_selection/references.bib,2
R0148,unclear_reference,raw_reference_fragment_preserved_for_followup,general,Ambiguous reference fragment from a paper reference section; preserved for exhaustive coverage and marked for manual bibliographic cleanup (general).,"Ahn, Michael and Brohan, Anthony and Brown, Noah and Chebotar, Yevgen and Cortes, Omar and David, Byron and Finn, Chelsea and others (). Do As I Can, Not As I Say: Grounding Language in Robotic Affordances. Conference on Robot Learning",papers/icml_publication_package_2026/proxy_resistant_agent_benchmarks/references.bib;papers/icml_publication_package_2026/structure_compatible_model_selection/references.bib,2
R0149,unclear_reference,raw_reference_fragment_preserved_for_followup,general,Ambiguous reference fragment from a paper reference section; preserved for exhaustive coverage and marked for manual bibliographic cleanup (general).,"Yao, Shunyu and Yu, Dian and Zhao, Jeffrey and Shafran, Izhak and Griffiths, Thomas L. and Cao, Yuan and Narasimhan, Karthik (). Tree of Thoughts: Deliberate Problem Solving with Large Language Models. Advances in Neural Information Processing Systems",papers/icml_publication_package_2026/proxy_resistant_agent_benchmarks/references.bib;papers/icml_publication_package_2026/structure_compatible_model_selection/references.bib,2
R0150,unclear_reference,raw_reference_fragment_preserved_for_followup,agency,Ambiguous reference fragment from a paper reference section; preserved for exhaustive coverage and marked for manual bibliographic cleanup (agency).,"Schick, Timo and Dwivedi-Yu, Jane and Dessi, Roberto and Raileanu, Roberta and Lomeli, Maria and Hambro, Eric and Zettlemoyer, Luke and Cancedda, Nicola and Scialom, Thomas (). Toolformer: Language Models Can Teach Themselves to Use Tools. Advances in Neural Information Processing Systems",papers/icml_publication_package_2026/proxy_resistant_agent_benchmarks/references.bib,1
R0151,external_linked,external_citation_reviewed_from_available_bibliographic_context,agency,External citation item; used as literature grounding for agency. Full local PDF was reviewed only if separately present in the PDF ledger.,"Liu, Xiao and Yu, Hao and Zhang, Hanchen and Xu, Yifan and Lei, Xuanyu and Lai, Hanyu and Gu, Yu and Ding, Hangliang and Men, Kaiwen and Yang, Kejuan and others (). AgentBench: Evaluating LLMs as Agents. arXiv preprint arXiv:2308.03688",papers/icml_publication_package_2026/proxy_resistant_agent_benchmarks/references.bib;papers/icml_publication_package_2026/structure_compatible_model_selection/references.bib,2
R0152,unclear_reference,raw_reference_fragment_preserved_for_followup,agency;representation,"Ambiguous reference fragment from a paper reference section; preserved for exhaustive coverage and marked for manual bibliographic cleanup (agency, representation).","Zhou, Shuyan and Xu, Frank F. and Zhu, Hao and Zhou, Xuhui and Lo, Robert and Sridhar, Abishek and Cheng, Xianyi and Bisk, Yonatan and Fried, Daniel and Alon, Uri and others (). WebArena: A Realistic Web Environment for Building Autonomous Agents. International Conference on Learning Representations",papers/icml_publication_package_2026/proxy_resistant_agent_benchmarks/references.bib;papers/icml_publication_package_2026/structure_compatible_model_selection/references.bib,2
R0153,external_linked,external_citation_reviewed_from_available_bibliographic_context,agency,External citation item; used as literature grounding for agency. Full local PDF was reviewed only if separately present in the PDF ledger.,"Xie, Tianbao and Zhang, Danyang and Chen, Jixuan and Li, Xiaochuan and Zhao, Siheng and Cao, Ruisheng and Hua, Toh and Cheng, Zhoujun and Shin, Dongchan and Lei, Fangyu and others (). OSWorld: Benchmarking Multimodal Agents for Open-Ended Tasks in Real Computer Environments. arXiv preprint arXiv:2404.07972",papers/icml_publication_package_2026/proxy_resistant_agent_benchmarks/references.bib;papers/icml_publication_package_2026/structure_compatible_model_selection/references.bib,2
R0154,unclear_reference,raw_reference_fragment_preserved_for_followup,agency;representation,"Ambiguous reference fragment from a paper reference section; preserved for exhaustive coverage and marked for manual bibliographic cleanup (agency, representation).","Mialon, Gregoire and Fourrier, Clementine and Swift, Craig and Wolf, Thomas and LeCun, Yann and Scialom, Thomas (). GAIA: A Benchmark for General AI Assistants. International Conference on Learning Representations",papers/icml_publication_package_2026/proxy_resistant_agent_benchmarks/references.bib,1
R0155,unclear_reference,raw_reference_fragment_preserved_for_followup,representation,Ambiguous reference fragment from a paper reference section; preserved for exhaustive coverage and marked for manual bibliographic cleanup (representation).,"Jimenez, Carlos E. and Yang, John and Wettig, Alexander and Yao, Shunyu and Pei, Kexin and Press, Ofir and Narasimhan, Karthik (). SWE-bench: Can Language Models Resolve Real-World GitHub Issues?. International Conference on Learning Representations",papers/icml_publication_package_2026/proxy_resistant_agent_benchmarks/references.bib;papers/icml_publication_package_2026/structure_compatible_model_selection/references.bib,2
R0156,unclear_reference,raw_reference_fragment_preserved_for_followup,general,Ambiguous reference fragment from a paper reference section; preserved for exhaustive coverage and marked for manual bibliographic cleanup (general).,"Srivastava, Aarohi and Rastogi, Abhinav and Rao, Abhishek and Shoeb, Abu Awal Md and others (). Beyond the Imitation Game: Quantifying and Extrapolating the Capabilities of Language Models. Transactions on Machine Learning Research",papers/icml_publication_package_2026/proxy_resistant_agent_benchmarks/references.bib,1
R0157,external_linked,external_citation_reviewed_from_available_bibliographic_context,general,External citation item; used as literature grounding for general. Full local PDF was reviewed only if separately present in the PDF ledger.,"Liang, Percy and Bommasani, Rishi and Lee, Tony and Tsipras, Dimitris and Soylu, Dilara and Yasunaga, Michihiro and others (). Holistic Evaluation of Language Models. arXiv preprint arXiv:2211.09110",papers/icml_publication_package_2026/proxy_resistant_agent_benchmarks/references.bib,1
R0158,external_linked,external_citation_reviewed_from_available_bibliographic_context,general,External citation item; used as literature grounding for general. Full local PDF was reviewed only if separately present in the PDF ledger.,"Amodei, Dario and Olah, Chris and Steinhardt, Jacob and Christiano, Paul and Schulman, John and Mane, Dan (). Concrete Problems in AI Safety. arXiv preprint arXiv:1606.06565",papers/icml_publication_package_2026/proxy_resistant_agent_benchmarks/references.bib;papers/icml_publication_package_2026/structure_compatible_model_selection/references.bib,2
R0159,unclear_reference,raw_reference_fragment_preserved_for_followup,general,Ambiguous reference fragment from a paper reference section; preserved for exhaustive coverage and marked for manual bibliographic cleanup (general).,"Langosco, Lauro and Koch, Jack and Sharkey, Lee and Pfau, Jacob and Orseau, Laurent and Krueger, David (). Goal Misgeneralization in Deep Reinforcement Learning. International Conference on Machine Learning",papers/icml_publication_package_2026/proxy_resistant_agent_benchmarks/references.bib;papers/icml_publication_package_2026/structure_compatible_model_selection/references.bib,2
R0160,unclear_reference,raw_reference_fragment_preserved_for_followup,ood,Ambiguous reference fragment from a paper reference section; preserved for exhaustive coverage and marked for manual bibliographic cleanup (ood).,"D'Amour, Alexander and Heller, Katherine and Moldovan, Dan and Adlam, Ben and Alipanahi, Babak and Beutel, Alex and Chen, Christina and Deaton, Jonathan and Eisenstein, Jacob and Hoffman, Matthew D. and others (). Underspecification Presents Challenges for Credibility in Modern Machine Learning. Journal of Machine Learning Research",papers/icml_publication_package_2026/structure_compatible_model_selection/references.bib,1
R0161,external_linked,external_citation_reviewed_from_available_bibliographic_context,symmetry,External citation item; used as literature grounding for symmetry. Full local PDF was reviewed only if separately present in the PDF ledger.,"Arjovsky, Martin and Bottou, Leon and Gulrajani, Ishaan and Lopez-Paz, David (). Invariant Risk Minimization. arXiv preprint arXiv:1907.02893",papers/icml_publication_package_2026/structure_compatible_model_selection/references.bib,1
R0162,unclear_reference,raw_reference_fragment_preserved_for_followup,representation;ood,"Ambiguous reference fragment from a paper reference section; preserved for exhaustive coverage and marked for manual bibliographic cleanup (representation, ood).","Gulrajani, Ishaan and Lopez-Paz, David (). In Search of Lost Domain Generalization. International Conference on Learning Representations",papers/icml_publication_package_2026/structure_compatible_model_selection/references.bib,1
R0163,unclear_reference,raw_reference_fragment_preserved_for_followup,symmetry,Ambiguous reference fragment from a paper reference section; preserved for exhaustive coverage and marked for manual bibliographic cleanup (symmetry).,"Cohen, Taco and Welling, Max (). Group Equivariant Convolutional Networks. International Conference on Machine Learning",papers/icml_publication_package_2026/structure_compatible_model_selection/references.bib,1
R0164,unclear_reference,raw_reference_fragment_preserved_for_followup,representation;symmetry,"Ambiguous reference fragment from a paper reference section; preserved for exhaustive coverage and marked for manual bibliographic cleanup (representation, symmetry).","Sagawa, Shiori and Koh, Pang Wei and Hashimoto, Tatsunori B. and Liang, Percy (). Distributionally Robust Neural Networks for Group Shifts: On the Importance of Regularization for Worst-Case Generalization. International Conference on Learning Representations",papers/icml_publication_package_2026/structure_compatible_model_selection/references.bib,1
R0165,unclear_reference,raw_reference_fragment_preserved_for_followup,agency,Ambiguous reference fragment from a paper reference section; preserved for exhaustive coverage and marked for manual bibliographic cleanup (agency).,"Koh, Pang Wei and Sagawa, Shiori and Marklund, Henrik and Xie, Sang Michael and Zhang, Marvin and Balsubramani, Akshay and Hu, Weihua and Yasunaga, Michihiro and Phillips, Richard Lanas and Beery, Sara and others (). WILDS: A Benchmark of in-the-Wild Distribution Shifts. International Conference on Machine Learning",papers/icml_publication_package_2026/structure_compatible_model_selection/references.bib,1
R0166,unclear_reference,raw_reference_fragment_preserved_for_followup,causal;symmetry,"Ambiguous reference fragment from a paper reference section; preserved for exhaustive coverage and marked for manual bibliographic cleanup (causal, symmetry).","Peters, Jonas and Buehlmann, Peter and Meinshausen, Nicolai (). Causal Inference by Using Invariant Prediction: Identification and Confidence Intervals. Journal of the Royal Statistical Society: Series B",papers/icml_publication_package_2026/structure_compatible_model_selection/references.bib,1
R0167,unclear_reference,raw_reference_fragment_preserved_for_followup,ood,Ambiguous reference fragment from a paper reference section; preserved for exhaustive coverage and marked for manual bibliographic cleanup (ood).,"Geirhos, Robert and Jacobsen, Jorn-Henrik and Michaelis, Claudio and Zemel, Richard and Brendel, Wieland and Bethge, Matthias and Wichmann, Felix A. (). Shortcut Learning in Deep Neural Networks. Nature Machine Intelligence",papers/icml_publication_package_2026/structure_compatible_model_selection/references.bib,1
R0168,unclear_reference,raw_reference_fragment_preserved_for_followup,causal;representation,"Ambiguous reference fragment from a paper reference section; preserved for exhaustive coverage and marked for manual bibliographic cleanup (causal, representation).","Scholkopf, Bernhard and Locatello, Francesco and Bauer, Stefan and Ke, Nan Rosemary and Kalchbrenner, Nal and Goyal, Anirudh and Bengio, Yoshua (). Toward Causal Representation Learning. Proceedings of the IEEE",papers/icml_publication_package_2026/structure_compatible_model_selection/references.bib,1
R0169,unclear_reference,raw_reference_fragment_preserved_for_followup,representation,Ambiguous reference fragment from a paper reference section; preserved for exhaustive coverage and marked for manual bibliographic cleanup (representation).,"Locatello, Francesco and Bauer, Stefan and Lucic, Mario and Raetsch, Gunnar and Gelly, Sylvain and Schoelkopf, Bernhard and Bachem, Olivier (). Challenging Common Assumptions in the Unsupervised Learning of Disentangled Representations. International Conference on Machine Learning",papers/icml_publication_package_2026/structure_compatible_model_selection/references.bib,1
R0170,unclear_reference,raw_reference_fragment_preserved_for_followup,causal;representation,"Ambiguous reference fragment from a paper reference section; preserved for exhaustive coverage and marked for manual bibliographic cleanup (causal, representation).","Brehmer, Johann and De Haan, Pim and Lippe, Phillip and Cohen, Taco (). Weakly Supervised Causal Representation Learning. Advances in Neural Information Processing Systems",papers/icml_publication_package_2026/structure_compatible_model_selection/references.bib,1
R0171,unclear_reference,raw_reference_fragment_preserved_for_followup,representation;inquiry,"Ambiguous reference fragment from a paper reference section; preserved for exhaustive coverage and marked for manual bibliographic cleanup (representation, inquiry).","Hewitt, John and Liang, Percy (). Designing and Interpreting Probes with Control Tasks. EMNLP-IJCNLP",papers/icml_publication_package_2026/structure_compatible_model_selection/references.bib,1
R0172,unclear_reference,raw_reference_fragment_preserved_for_followup,general,Ambiguous reference fragment from a paper reference section; preserved for exhaustive coverage and marked for manual bibliographic cleanup (general).,"Meng, Kevin and Bau, David and Andonian, Alex and Belinkov, Yonatan (). Locating and Editing Factual Associations in GPT. Advances in Neural Information Processing Systems",papers/icml_publication_package_2026/structure_compatible_model_selection/references.bib,1
R0173,unclear_reference,raw_reference_fragment_preserved_for_followup,agency,Ambiguous reference fragment from a paper reference section; preserved for exhaustive coverage and marked for manual bibliographic cleanup (agency).,"Schick, Timo and Dwivedi-Yu, Jane and Dess{\i (). Toolformer: Language Models Can Teach Themselves to Use Tools. Advances in Neural Information Processing Systems",papers/icml_publication_package_2026/structure_compatible_model_selection/references.bib,1
R0174,unclear_reference,raw_reference_fragment_preserved_for_followup,representation,Ambiguous reference fragment from a paper reference section; preserved for exhaustive coverage and marked for manual bibliographic cleanup (representation).,"Khot, Tushar and Trivedi, Harsh and Finlayson, Matthew and Fu, Yao and Richardson, Kyle and Clark, Peter and Sabharwal, Ashish (). Decomposed Prompting: A Modular Approach for Solving Complex Tasks. International Conference on Learning Representations",papers/icml_publication_package_2026/structure_compatible_model_selection/references.bib,1
R0175,unclear_reference,raw_reference_fragment_preserved_for_followup,agency;representation,"Ambiguous reference fragment from a paper reference section; preserved for exhaustive coverage and marked for manual bibliographic cleanup (agency, representation).","Mialon, Gr{\'e}goire and Fourrier, Cl{\'e}mentine and Swift, Craig and Wolf, Thomas and LeCun, Yann and Scialom, Thomas (). GAIA: A Benchmark for General AI Assistants. International Conference on Learning Representations",papers/icml_publication_package_2026/structure_compatible_model_selection/references.bib,1
R0176,unclear_reference,raw_reference_fragment_preserved_for_followup,general,Ambiguous reference fragment from a paper reference section; preserved for exhaustive coverage and marked for manual bibliographic cleanup (general).,"Srivastava, Aarohi and Rastogi, Abhinav and Rao, Abhishek and Shoeb, Abu Awal Md and Abid, Abubakar and Fisch, Adam and Brown, Adam R. and Santoro, Adam and Gupta, Aditya and Garriga-Alonso, Adri{\a} and others (). Beyond the Imitation Game: Quantifying and Extrapolating the Capabilities of Language Models. Transactions on Machine Learning Research",papers/icml_publication_package_2026/structure_compatible_model_selection/references.bib,1
R0177,external_linked,external_citation_reviewed_from_available_bibliographic_context,general,External citation item; used as literature grounding for general. Full local PDF was reviewed only if separately present in the PDF ledger.,"Liang, Percy and Bommasani, Rishi and Lee, Tony and Tsipras, Dimitris and Soylu, Dilara and Yasunaga, Michihiro and Zhang, Yian and Narayanan, Deepak and Wu, Yuhuai and Kumar, Ananya and others (). Holistic Evaluation of Language Models. arXiv preprint arXiv:2211.09110",papers/icml_publication_package_2026/structure_compatible_model_selection/references.bib,1
